{
  "overall_accuracy": 0.8518518518518519,
  "balanced_accuracy": 0.8918609168609168,
  "stage1_threshold": 0.65
}