{
  "overall_accuracy": 0.876984126984127,
  "balanced_accuracy": 0.9085470085470084,
  "stage1_threshold": 0.65
}