{
  "overall_accuracy": 0.8743386243386243,
  "balanced_accuracy": 0.8807692307692307,
  "stage1_threshold": 0.65
}