{
  "overall_accuracy": 0.873015873015873,
  "balanced_accuracy": 0.839102564102564,
  "stage1_threshold": 0.65
}