{
  "overall_accuracy": 0.8121693121693122,
  "balanced_accuracy": 0.7898277648277647,
  "stage1_threshold": 0.30000000000000004
}